{"cameraMode":{"drawMode":0,"name":"Shaded","section":"Shading Mode"},"sceneLighting":true,"audioPlay":false,"sceneViewState":{"showFog":true,"showMaterialUpdate":false,"showSkybox":true,"showFlares":true,"showImageEffects":true,"showParticleSystems":true,"showVisualEffectGraphs":true,"m_FxEnabled":false},"in2DMode":false,"pivot":{"x":6.091531753540039,"y":1.1800172328948975,"z":19.559228897094728},"rotation":{"x":0.018449794501066209,"y":0.9667190909385681,"z":-0.07294262945652008,"w":0.24458277225494386},"size":0.9550310969352722,"orthographic":false}