{"cameraMode":{"drawMode":0,"name":"Shaded","section":"Shading Mode"},"sceneLighting":true,"audioPlay":false,"sceneViewState":{"showFog":true,"showMaterialUpdate":false,"showSkybox":true,"showFlares":true,"showImageEffects":true,"showParticleSystems":true,"showVisualEffectGraphs":true,"m_FxEnabled":false},"in2DMode":false,"pivot":{"x":13.91667652130127,"y":-6.163618087768555,"z":12.010594367980957},"rotation":{"x":0.0005039159441366792,"y":0.9875975251197815,"z":-0.15715964138507844,"w":0.003263304475694895},"size":22.041275024414064,"orthographic":false}